[
    {
    "purchGroup" : "Any Infotech",
    "plantCode" : "Mumbai",
    "title" : "Mr",
    "vendorName1" : "John",
    "vendorName2" : "Deo",
    "streetLine1" : "Wazir Glass Lane",
    "streetLine2" : "ANdheri East",
    "streetLine3" : "Mumbai",
    "streetLine4" : "Maharashtra",
    "postalCode"  : "400059",
    "countryKey" : "India",
    "region": "Mumbai",
    "city" : "Mumbai",
    "telephoneNo" : "023323222",
    "mobileNo" : "9876543210",
    "faxNo" : "565678",
    "vendorEmail": "contact@gmail.com",
    "bankName" : "Axis",
    "branch": "Andheri",
    "bankAccountNo" : "09876543212234",
    "swiftCode": "070",
    "ifscNo" : "LTI000123",
    "pfRegisterationNo": "80808973",
   "ESICRegisterationNo": "83992233",
    "VATRegisterationNo": "3434792",
    "panNo": "ABCDE1234L",
    "serviceTaxRegisterationNo": "4387473",
    "CSTNo": "39329",
    "LSTNo": "379739",
    "GSTRegisterationNo": "GSTIN000000098",
    "taxClassification": "nA",
    "TDSExcemptionNo1": "6388221",
    "excemptionPercentage1": "50%",
    "TDSExcemptionNo2": "873734",
    "excemptionPercentage2": "50%",
    "excemptFrom": "10/12/2001",
    "excemptTo": "10/12/2030",
    "MSMEStatus": "ok",
    "MSMENo": "3763838",
    "fileUpload1": "yes",
    "businessType": "private",
    "industryType": "IT",
    "promoters": "All",
    "top5Clients": "alpha, Beta , gama , theta, lambda",
    "turnOver": "270cr",
    "clientRef": "yes",
    "complianceCategory": "any",
    "constitutionBus": "type",
    "fileUpload2": "7777",
    "firstName": "John",
    "lastName": "Deo",
    "emailID": "johndeo@gmail.com",
    "phoneNo": "000000000",
    "DOB": "15/10/1993",
    "gender": "male",
    "address": "India",
    "city1": "India",
    "state": "India",
    "country": "India",
    "Hobbies": "Chess, swimming",
    "companyName": "tech infotech",
    "parentCompany": "NA",
    "globalHeadOffice": "Singapore",
    "IndiaHeadOffice": "Mumbai",
    "UploadPortfolio": "NA",
    "website": "www.techinfotech.com",
    "manufacturingSite": "Pune",
    "mfgCapacity": "10000",
    "yearofEshtablihsment": "2000",
    "companyDescription": "mnC",
    "state1": "Maharashtra",
    "country1": "India",
    "revenueLY": "275cr",
    "PATLY": "50cr",
    "LYSpend": "200cr",
    "EmployeeSize": "1000",
    "NameL1": "deo",
    "emailIDL1": "deo@gmail.com",
    "contactNoL1": "9898988990",
    "nameL2": "daisy",
    "emailIDL2": "daisy@gmail.com",
    "contactNoL2": "78788399009",
    "BCCLAssoiciation": "2000",
    "BCCLannualSpend": "100cr",
    "groupCO": "BCCL",
    "marketUpdate": "good"
}]

